formula,target
Ba1Mo2O12P2,4.006198
Ca1Fe4O6,0.577886
Bi1K1O8W2,3.820251
K1P1Se6Zr1,0.064219
F6Fe1Zr1,3.659929
K2Mo1O2S2,2.812229
Ag1Co1O4P1,3.413494
Cs3Na2P3Sn1,1.796626
Cd1O2Rb2,2.610375
Na6Se7Sn2,2.279059
P1S5Ti1Tl1,2.041791
Cs3D5Mn1,3.255317
Se3Zr1,1.038285
Cd1K6Te4,2.355397
Ga1Se1,1.661536
Ca1Li1Sb1,1.1795489999999995
Ba1Cu1S3Sc1,1.817709
Ba1K1Nb1S4,2.907466
Na2O7P2Pd1,3.611153
Br2Cu3O4Sr2,2.269563
Ba3Fe3O14Si2Ta1,4.042596
As3Rb1Sn3,1.0516390000000002
S5Sb2Sn2,1.088964
Hg2O7Sb2,1.241632
Ca3O1Si1,0.581546
Ag1Nb1Rb2Se4,2.57987
Cl7Na1,1.219708
I2V1,3.510757
As4Ca1Na2O12,4.447134
Cl6Ga1O2Re1,3.110625
S4Sn1Tl4,2.252647
Au2F8Zn1,3.646232
Ag1Nb1Rb2S4,3.090945
Cl1Fe2H3O12Te4,3.250069
Fe2Sn1Ti1,1.623335
Al1Cr1La3S7,0.858326
C11N4,3.855583
Cu2S1,0.661016
Ba1Mn2O6Y1,1.32196
Mo1Te2,1.185445
Ag1O6Tl1V2,3.206957
Cs1Mo1O6P1,3.885842
Mn1Te2,0.766549
F6K2Pd1,4.1966
Ba2Cu3S6V1,1.670224
H3Li1N1O3P1,6.275845
Sb1Sr2,0.119066
Cu1F6Zr1,4.220098
Cd1O5Se2,4.311693
Cl3K1Tc1,3.125839
Al1Br7Se1,3.1551310000000004
Cu1O6Sr2Te1,2.819274
Na2O6Sn1Te1,2.579238
Ca1Mn1O3,1.096456
F4Hg1Rb2,3.614911
F6Li1Ni1Sr1,3.550813
Cl1La1Se1,2.135487
Rh1S1Sb1,1.4837039999999997
Fe1Se2,1.2555959999999995
Cu1F11Na1Zr2,4.860609
Cu2O2Pb1,1.536476
Ba3P2S8,3.025725
Co1H2O5S1,4.753443
Br1Cr2O4P1,3.284625
C1Hg1N2,3.733007
As2Ge1,1.253428
Cl1Na1O3,3.995601
Cl3Cr1Rb1,2.865627
Al2C4Cl7O4Rh1,3.470158
Cu2La1O4,1.73829
N3Tl1,1.988743
Ag2Ge1Rb2S4,2.954077
In2S7Sn3,0.989536
Cs1H1,3.149353
Cr4Cu1In1Se8,0.558187
C3S8,2.489682
K2Na1O3Tl1,2.368907
Cu1Hf1Se3Tl1,1.237331
In1Li1O6Si2,5.211882
I1N1Ti1,0.447187
B1Na3O3,4.776948
Bi2Fe2Ga2O9,3.565717
Co1Nb1O4,2.444585
Al1Fe1O3,3.615348
Ag2Ge1O3,1.239655
Cr1Mg1O4,3.511997
Ba1Bi1O3,0.487574
Cl3Re6Se8Tl1,2.051621
C2H1O2,4.345133
Co1Li6O4,3.310395
Cl6Cr1Na3,3.951969
Ge1S3Ti1,0.811306
H1.25Li1.75N1,3.880477
Cd1Ga2Se4,2.222341
Ag5Bi1O4,2.390619
H1K1,4.499724
In2Se3,0.656955
O12Re1Sc6,1.518209
O7Ti2Y2,4.0208
K1Mn1O8Se2,2.726744
Cs1Sb1,1.045362
O2Pb1Rb2,2.714658
Mo3Na2O16Te3,3.339493
As1Ca1Li1,1.794169
Cr2O6Re1,1.2779
Na1Si1,1.689275
Ag1C4N3,4.67318
C2H6N4Na1O4P1,6.587174
Ga2Rh2Sr1,0.04187
P2Si1,1.980578
As1K3,0.615704
Cu1O6V2,3.007805
Al1K3Se3,3.340181
Ga1H6O18P6Rb3,1.10836
Ca1Cs1D3,4.219765
Au4Cd1K2S4,2.950499
As2Ni3O8,3.740389
Cs2Mn1S2,3.616848
Fe1H6Sr2,3.777331
Br6Hg3Se2Zr1,2.89722
Cu3Sb1Se4,0.113321
Cl4Hg2K2O3S1,3.214244
Fe1Na2O4,2.9151100000000003
Ag2Mo1O4,3.490969
In4Se3,0.525258
F30O6Te7,4.033572
Cl4Nb1,2.019578
Hf2N2S1,1.722201
Cu2Ge1S4Zn1,1.479334
F3Mo1,3.615009
Ba2S4Zr1,1.3823589999999997
Ca1O3Te1,4.791418
Cs1O2P1S1,5.352587
Be4O7Te1,2.892269
B1H8N1,6.86109
Cd7P10,1.733427
Ag1As1Na2,1.229253
Cl2O2Pb3,3.3697190000000004
Li1Mo3O8Sc1,2.384486
Al2B2O7Sr1,6.330873
B1Be2F2K1O3,7.829048999999999
Br1N1Ti1,1.3965800000000002
K7Nb1O24S6,4.15293
Cl5Cs1Pd2,2.973515
Ge1Mg2,0.5419559999999999
Ag2H2Li1O10P3,4.306001
Bi1O4Sb1,3.878955
K1La1P2Se6,2.943114
Ga1K1Na2O3,4.012121
S3Ti1,0.980361
Mn1O3Si1,4.263624
H8Mn1N4S4Sb2,2.205812
C3Co1H3K1O6,4.483452
B1Cs3S3,3.529535
Cd1I6Tl4,2.752584
Au1Ge4Rb3,1.3108099999999998
Ge1Na1O4Y1,5.265218
F5Fe1H4Mn1O2,2.541717
Cl3N3Ti1,3.364607
As2Rb2Sn1,1.375427
As1Rb1Se2,2.328908
Ge1Na2O5Ti1,4.935206999999999
Cu2In2S6Si1,1.615921
Au3K3Sb2,1.603202
Cl4Ga1Hg1,2.152971
D4Na2Pd1,3.415095
Cl1Li1O2,4.446866
C5I1Mn1O5,3.792661
Bi4O12Ti3,2.6346460000000005
Cl2Cr1H12I1N4,3.61961
Ag2O3Se1,3.122742
Ca1Fe1Ge2O6,1.59421
Cl8I1Sb1,2.698779
Mo1N3Na3,2.672415
C1Cu1Na3O7P1,3.527581
O3Ti1Y1,0.704067
Te1Zn1,2.192322
Br3Ni1Rb1,3.374182
Ba2Ca1N4W1,2.759326
Ge1In1Li1O4,3.730815
Cl4S1W1,2.843353
Au1Br3Rb1,1.013304
Pd1Sn1Zr1,0.297793
Mo1O4Zn1,3.044245
Cu2P7,1.448609
Ba1Te3,1.398796
Co1Nb2O6,3.543648
Hg3O5Se4,2.953693
Au1La4Li1O8,3.223791
Bi1K2Rb1Se3,2.979417
Cl1Rb1,6.084636
C3Ca2H1Li1,1.990268
F7K3Mn2,4.985866
Au1I4O12Rb1,3.54109
In2Sr1Te4,1.53738
Mo1O6P1Tl1,3.50702
Ge3Rh2Se3,0.884314
K4O4Pb1,3.008101
Se2Zn1,1.622463
Au2F8Pd1,2.945376
In1K2Na1P2,1.766197
Fe2O12Se4Zn1,3.184919
Ba2Hg1S5,2.683308
Na2O3Pt1,3.115977
Bi1F5,3.469263
Cu2Mn1S4Si1,2.546102
I1Nb2Te6,1.03465
Cu1K1O2,2.807851
H4O8Ti3,3.987621
K4O3Sn1,3.086247
Cd1Ga2S4,3.11664
C2Li2,4.646745
C1N2Tl2,2.5121650000000004
Na2Pt1S2,2.22559
Cs1Ge2Na1,1.458069
Cs1F3Sr1,8.198585
Ba3O20Si4Te1Zn6,4.413031
As2K2Pt1,0.674361
B1Br3P4S3,3.663923
Ba7F8In2Se6,2.046032
C8Cd1H10O12,4.171099
Cr1O4V1,2.917102
Ge1Mg1Sr1,0.341747
As4Ba3Li4,0.4519120000000001
Cd1Li2O4Si1,4.489124
P3Rb1Zn4,0.881126
Au1Bi1K2,1.328635
Br8Nb3,0.0593
B3Bi1O6,5.147045
F7K3N2O6Sb2,4.811494
Al2Hg1S4,2.334487
Cu1H2O5S1,3.624759
B3Li1N6Sr4,3.173982
In1Rb1S2,3.100748
Co1Na1O4P1,4.791921
Na2Se1,2.972606
I3Mn2O5Sb3,2.767082
Ag1Ba1Se3Y1,2.136067
As1F11H1N1S1Xe1,4.195956000000001
Na2P1Se3,2.725016
As12Sn3Sr14,1.423423
Ba3Sn2,0.740207
Bi2Te3,0.056063
S4V3,0.952686
Na1Nb1O3,2.80775
As2Ge1Zn1,0.8350529999999998
Sc1Se2Tl1,1.166394
Br3Nb1Te1,1.5178899999999995
Br3Ga1Li1,3.952743
F4Te1,5.203724
Mo2O23P4Si4,3.020522
La1Mn3O12V4,0.229668
Cs2Te2,1.780373
As2Ba4O1,1.206106
O5Se2,4.191422
Hg2O7Ru2,0.091571
Au3C6K1N6Ni1,3.306927
Al2Fe1S4,1.8753839999999995
Lu1Rb1S2,3.315142
Cs2Se1,2.637608
Ca3Ge5O14Zn1,3.923859
Ca2Cu1P3Zn2,0.928167
Ba3Ge1Mg1N4,2.269339
Cs2O4Ru1,2.490396
Bi14Br16Pd1,1.375046
I2Mn1,3.315538
Ag2I4Zn1,3.174983
Ba1Cu2Se2,1.216819
Ag1Au1Ba4O6,2.980427
Ga1N5O14,3.255514
As6O24Sr1Zr4,6.056233000000001
H2O3V1,2.655158
B3Cs1O9Zn4,4.965565
Cl3Ga1,5.296158
La3N1S3,2.150037
Cu1O1Rb1,0.906147
P2S5,3.562051
As1Li1Mg1,1.973654
Ba1Sn2,0.164492
Ag1Cl3Rb2,4.4043220000000005
Cr1Ge2Li1O6,4.089615
Fe1Ga2Se4,1.603922
O2Pd1,0.728365
As2K2Ni1,1.36591
Al1Ba3Sb3,0.983476
Na3O1S3V1,2.709652
B1O3P1Sr3,2.945028
Ca1H2O4Si1,6.892951
Al1As4Ca3Na3,1.552175
Ca5In2Sb6,0.622096
Cs1In1S2,3.191308
Ag1Ba1La1Se3,2.326826
I2O2Pb3,2.970735
Ne,14.425131
Na4O3Sn1,2.676136
Cu1O16S2Sb6,2.692138
Cs5Ge1P3,1.5709169999999997
Cu1F6H8O4Si1,4.986295
Ga3Rb1,0.486483
B2Fe2O5,3.5168220000000003
F2N2O4Xe1,3.862115
Cu1I1P4S3,2.727227
Ag1N2Na1O4,4.027926
Br2Nb1Se2,1.828294
Ag1Cl1O3,4.20993
Cu1K1O1,0.828947
In2S3,1.883385
As1Cd1,0.800084
Ca3Fe1O6Rh1,2.473517
H7N2O10Sc1,2.9276
As1Cd1Na1,0.104953
Mn2O4Si1,3.799814
As2Ba2Mn2O1,1.721041
Li4N3Ta1,3.746719
Ag1Ga1Se2,1.236868
Pt1Sn1Ti1,1.31295
F6Ni1Pt1,4.083953
Ca3Li1O6Ru1,2.277703
Cu1Hf1Na1Se3,1.061766
Ba2H3I1,2.978641
Br1Cd1S2Sb1,2.269105
N4Si3,4.730475
Na4Sn1Te4,1.57358
Ba1Cu1O6Se2,3.260206
Cu3S4V1,1.982861
N4O3Si3Y2,4.227345
K2Se1,2.961627
Au1Pb4Rb3,0.696387
In2S4Zn1,2.174153
Br6Cs2Pt1,2.395219
Cu1O4Sb2,3.408313
Cl5Nb1P4S10,2.052058
Cu1O3Se1,2.894107
B12Ni1,0.862473
Ba3Cl2Cu2O4,2.788271
O3Pb1Sr1,1.330101
H2O13Ti6,4.08769
Ag1As1S2,2.3322490000000005
As2K2Pd1,1.40631
C1Cl3Cu1H9N4O1S1,2.807009
Li1Mg1P1,0.515539
Al1K6Na3Sb4,1.28874
As2Co2O8Sr1,3.617001
O12Rb2Te1W3,3.801153
Hg1Mo1O4,3.096414
Mn1Pd1Te1,0.025209
B1Be2F1O3,8.096962999999999
Bi3Cl5O10Te4,3.347724
O4Ti1Zn2,3.664957
Cl9Cs3Sb2,3.069085
Cu2Ge1Hg1S4,0.937127
Cl6N2O2V1,2.307318
C1Li2N2,4.99725
Ba1Cl1O2Sb1,3.938162
Br2Hg1,2.641241
Hg4N2O8,2.522606
Co1Cs3I5,3.23007
O3Y2,5.607923
Bi1Li5O5,2.686299
C3Ce1O13P1Sr3,4.638679
Li2O6Sn1Te1,3.87359
Ni3Rb2S4,2.239208
P4Re1,1.470128
Ag1I2Tl1,2.249163
Cs1Cu3O2,2.975278
Fe2O7Rb8,2.66171
Bi2O5Si1,3.893749
Cl1La1Te1,1.232877
Li1Mo3O8Y1,2.410179
F6K1Ni1Rb2,1.231477
Cs4O5Sb2,3.901629
Cl1K1O2,4.14024
Cs1Nb1O8P2,3.790645
Cl1N6Sb1,1.470953
O4Se1V1,3.362052
Cu1O10P2Ti2,3.638259
Ce1Cs1S2,2.787927
Ge1I3Rb1,0.87574
F1K1Nb2O6Sr1,3.183349
As3Cs6In1,1.122102
Cl18Cs2Nb6Pb1,1.5843
Al2P3S9,3.313121
Ge1Nb2Te4,0.273272
H11I2O6Sc1,4.733656
C1H6N6O5,3.671631
B1F3Mg3O3,7.368485
Bi12Cl12Pt1,1.356957
Bi1Ni1O3,1.066464
Ce1O3Sr1,4.044659
Mn1P4,1.778717
Ca1O4Te1,3.788458
Fe1K1O8S2,3.25723
Cl4Cs6O1,3.220244
Cu1N6O12Pb1Rb2,1.821872
Ca2Cr1O6Sb1,3.241092
Au1Li3O3,3.453556
As1Br3F6,2.939668
Cs1I1O4,4.363029
Ag2O11V4,1.585619
Cu1In1Mo2O8,1.042087
Cl1O3Pb1V1,3.016146
Cs2Cu1F6K1,3.844207
Ga3N5Sr3,2.383572
Ag2Cu2O3,2.0495340000000004
Ag1K1O1,2.809626
Al1D1Ge1Sr1,1.12663
Li2S1,4.354007
F6Pb1Zn1,3.457668
Cr3Rb1S5,1.90745
Cs3Ge1Te3,1.764808
Te1V1,1.534496
N1O1S2,3.005967
As1Bi1Cd2O6,3.425508
Nb2Ni4O9,3.574819
C3F6,6.547825
K2Se3Sn1,2.486134
Cu5Se3Tl1,0.659046
Mg2Si1,0.592441
Cs2Se5,1.577658
Cu1I1Te2,1.652005
Be1O1,10.121819
Cu1F6Sr2,5.294321
H4Hg3O11S2,3.355377
Br4Nb1O1Tl1,1.949592
I1K3O5,2.969304
In2O5Ti1,3.216998
B2Ba3O12Ti3,3.372639
Cl2Re3S4Tl1,2.52884
Cu1K2P1,1.911744
Au1Na1O8S2,3.299906
H1N1Na1O2,4.395874
Cl4Co1Cs2,4.552847
Ce1Pt2,0.164647
Mn1O1,0.569128
Au1P1S4,2.045965
Cu1S3Ta1,1.166006
Cu1K2S4V1,2.260656
O5P2,7.473458
Al1O4W1,2.290613
Mn1O5Te2,3.082464
Ag1P2,1.378546
B6Cr1H16,3.109962
I2Sn1,2.307698
Ba1C1N2,3.254348
Cs2S2,2.770729
As3La1Zn3,0.4828830000000002
Al1Br3N1Se1,2.645221
K1O6Te2,2.093824
Na2S5,2.754476
Cd1Cu2Ge1S4,1.519499
Cl4Re1Te2,3.129293
Ag3P2S8Y1,2.985139
F5Ga1H4Mn1O2,4.591834
I3Pb1Tl1,2.874755
Mg3N2,2.694411
Cs2Mo1O2S2,2.99737
As2Mn2O7,3.145057
C2N2S2Se1,3.401404
Pt1S2,1.376562
Ba1O6Te2,2.894158
O1Zn1,1.205692
B2Ba1Hf1O6,6.524745
Rb2Se5Sn2,1.540408
Lu2Mn1S4,2.319239
I6K2Re1,2.242372
F6Mn1Pt1,3.281122
Hf1S3Sn1,1.650854
Au1Cs1I3,1.086566
As2O14Pb3Te1Zn3,4.153738
Ag1O3V1,2.386002
Cs4O4Zr1,4.106921
H2Mn3O10Se3,3.998224
Cs2Cu2S5Sb2,2.13655
F1N2O3S4,1.802435
As1K1Mo1O6,3.802726
As2Cu1O4,3.429871
D4Sn1,4.667528
F3Fe1,4.01951
H1O9Sr2V3,3.035845
Br2Nb1O1,1.843987
Cl6Cs2Pt1,3.401573
O4Sn2Ti1,1.760334
As1Fe1O4,3.063724
Cl1N3Pt1S4,2.147008
Ge1Li4S4,3.457332
Cu1La3Se7Sn1,2.082286
Au1C2Cs1N2S2,4.121359
Cl5Fe1N4S4,2.355744
C4H4N4O2Pt1,4.849608
La1Rb1S4Si1,3.626168
Cu2Li1O2,2.034411
Pt3Se8Ta2,1.224495
Fe7Na1O24P6,1.10919
Ag1As1Se2,0.3247159999999995
Cl4Ti1,4.466968
Ba1Br2H2O7,5.7457080000000005
Co3O8P2,4.606033
As1S1Y1,0.15965
C2Cl4Cu1H10N2,2.622312
S1V1,2.60235
Ag2Ge1S3,1.402822
C4Cu1H6N8,3.897715
Cl2Hg1O2Pb2,3.252347
Ba3N1Sb1,1.3717310000000005
Cu2Mg1S4Si1,2.9865469999999994
C2Pt1Rb2,1.798358
Cr1Ge2Na1O6,3.966187
P3Ru1,2.034719
As2Pt1,0.74957
As3K3Na2Sn1,1.185678
Ba3Ni1O4,3.444255
Cd1O6Sb2,3.112633
Bi2Mo2O13Se2,3.580804
Ca2Si1,0.638139
Br1N3,3.229206
Ca1Cu1Ge2O6,3.354462
P2Se5,2.050843
Co1O4Rh2,2.387257
Ni1Sb1Sc1,0.404521
Ag5O4P1Se1,1.367863
Ba3Cd2Sb4,0.136241
Ga1K3Te3,2.335446
Ag1As1Cs2S4,2.587537
Ag1Cr1Te2,0.1934089999999999
Cd2O7P2,4.488681
Ge9Li4O20,4.382434
B2Mg3Mn3O10,1.558339
Cl2I1N3S4,2.571178
In1S6Sc3,1.415684
Pt1Sb1Sc1,0.934249
Cd1Mo1O4,3.533356
F6Mg1Pd1,3.945322
Li2O4Te1,3.851024
Mn1O11Pb5Sb2,2.120443
Br6Pb2Pd1,2.446968
Cu1H2O6Se2,3.638816
Cu1Na2S3Sb1,2.032898
As2H8O12Zn3,4.926454
Cu1K2Nb1S4,2.974257
Cl9In1Li1Nb3,1.496093
Co1Cr2S4,1.775697
Ba5Nb4O15,3.896832
Br1C1K1N2O4,2.589028
H3Y1,0.299315
B2K2S7,3.720739
Cl4I1K1,3.376175
La2O5Re1,2.133124
B4Cu1Li6O10,4.138991
Cl9N3S4Te2,3.064109
As2B12,3.45932
Ba1Mn2Sb2,0.8851079999999998
Ga1Li1Se2,3.041588
Cl1Cu1O2Sr2,4.077158
Cs2Ir1Na2O4,2.14307
C8Cu3H8Na2O16,3.255191
Mn3Rb2Se4,3.219769
Cu2O14Sr9Zn4,3.789873
Fe1La3Ni1S7,2.438181
C2O4Sn1,3.561975
Cl17P1W6,0.311623
H10O8Se1,3.717567
As2Fe1,1.620818
I3Nb1O1,1.362413
H2Sr1,2.180285
Ga2I3,2.916242
Ag6Cl1F3Mo2O7,3.122621
F1N5S4,3.565876
Ag2C5Fe1N6O1,2.7670570000000003
Bi1Os1Se1,1.131399
Cs2H12N6Sn1,3.910212
Mn1O6Sb2,2.798494
Ba1Cu2S4Sn1,1.585383
H4Mg2Ni1,2.483664
Nb2O9Zn4,4.073163
Na1Sb1,0.860856
H2O8Se2Zn1,4.684718
K1Mo3O9,1.200877
Pt1S1,1.165064
S3Sr1Zr1,2.038612
C2H3Li1O5,5.113103000000001
Cs2Ge1Te4,0.9403450000000002
C1H2Mn1O6P1,4.65516
Cl11K1Nb2,3.186382
Ba3Ge1O1,0.740163
Cd1Sc2Se4,1.400408
Ir1S1Sb1,2.205511
B6Ba1,0.383033
Li1P1Sr1,2.044546
Cr1La1S3,0.927787
Br2K4O1,2.0507
Cu1K1Pd1Se5,1.8401
Cl6K2Ti1,3.2803820000000004
Ga1Na3S3,3.910961
Ba1H2Ni3O10V2,3.158244
Co1Lu2O14S2Te2,4.443372
Br3C2H8Hg1N1,3.676446
Ca3N1P1,1.6021280000000004
P,0.507511
Au2I1K6Na1O8,3.190362
F3Fe1Na2O4S1,3.749291
F1Fe1O3Se1,3.643544
Fe1S1,1.194286
B1La6N3O6,2.090934
Bi1Cs1S2,2.348586
As2O7Ti1,4.022633
S2Zr1,1.81672
F6H12Mn1O6Ti1,2.806257
Cs2Se5Si2,3.398498
Pb1Se2,0.074749
Cr2O12S3,4.371017
Co2K2Na4O5,3.356991
F4Pd1,2.750163
F6K3W1,2.287972
O4Rb2Zn3,3.239417
H5K2O6Sb1,4.844933
Mo1O6Pb1Se1,2.780396
Cl1K3O1,2.190715
Hg1O7P2Pd1,3.367433
Al1As3Ba3,1.248015
Ni1S2,1.255728
Al1P1,2.327076
Ca2Sb1,0.474864
Ag5Cs1Te3,0.56511
Ga1Ge1N1Sr2,0.527229
Mo3O12Se1Tl2,3.309717
F2Xe1,4.3373
As1Ca2I1,2.287013
Pb1Sc2Se4,1.967941
Ag2Hg1Se4Sn1,0.533597
Cl5Co1Tl3,3.669795
K1Mo2O8Sb1,3.020355
Cs1F1,7.076575
C1Os1,0.770791
F6O4Os1Xe1,3.798658
O6Rb4,0.637515
C12Mn2O12Pt1,2.508661
K1Rb1S1,3.111366
Co1H8O14P2V2,3.439504
Cr1I2,2.543412
Ni1O6V2,2.873378
Ge2N2O1,4.005346
As4Ga1Na3Sr3,1.042108
C2H4N1O2,4.414454
Ba1Se2,1.406809
P4Ru1,1.495495
Bi4Br2Ru1,1.156307
K1La1S4Si1,3.568604
Fe3H9O15S2,3.380891
As3Cd4Cs1,0.7224809999999999
C2Cl1Cs1N2Ni1,3.78575
La1O9V3,3.789071
O24P6Pb1Ti4,4.185134
H3Li1Sr1,2.646692
Br2Cs2H2Hg2I4O1,2.74566
K6Mn1Se4,2.389416
Ba1F6Si1,9.735936
Ba1P1Se3,3.058269
S4Sc2Sr1,2.356653
Cs2F4Hg1,3.79697
Mg1O6V2,3.080124
Ge2In6O9Pt1,2.393646
Cl2Cu2O6Sr1Te2,3.083317
Cu1La1S2,2.3230850000000007
Fe2O5Sr2,3.375442
O13V7,0.355803
F4Hf1,7.451003
Ge1O4Zn2,3.899172
Bi2O4,1.818855
Al1Cs1D4,6.028108
Al1Li1P2S6,3.742507
B1La3N2O3,2.15246
F2Kr1,4.711035
Ba1Co1O1S1,2.491271
Cs1F4H4Mn1O2,3.613689
Cr1Cu1P2S6,2.03388
Na5O5Ta1,4.058076
As1H2Mn1O5,3.05986
Li1P1,1.38858
B2Na2O10Te1Y2,4.453641
Cs1H2O4P1,6.996327
Br3Ga1,4.511178
C4Cl2Cs2N4Pt1,4.123676
Ca1Mn1O6Ti2,2.363068
Ca2Ge1N2,0.021761
I1In1,1.90789
Bi1Cu1O1Se1,1.146679
Cl1F5Ge1O2,3.603172
Cl4Sn1,4.881136
Cr2Se4Zn1,1.0074650000000005
Cr3H6K1O14S2,3.868327
Ni1P1Se3,1.673204
I3P1,3.098866
Sb1Se3Tl3,1.613994
As4Mg1,1.407985
Cl6Fe1Zr1,3.2855760000000003
C2Cs1N3,5.838137
As1Ba2Ga1Se5,2.503165
Al1Li3N2,4.147426
Ag1P2Se6V1,1.161688
C2Cl3H10Ir1O3,3.630041
Cd2Sb2Sr1,0.5112220000000001
Ga2O4Zn1,4.134884
Bi1Cs3Se3,2.774554
Ag1Te1Tl1,1.1175189999999997
Cd1In2S4,1.98501
Ag4O5Te1,0.8056989999999997
Cl3N1Se2,1.041642
Ag1La3S7Sn1,2.881473
Al1Cl6I1,3.452698
I1O4P1Pb2,3.779707
In3Ru1,0.560098
Cr2Ni1S4,1.8657629999999996
O5Sb2,1.75531
Ag5Cl5Hg4P8,2.033874
I6Nb1Te4,1.465842
Cu1S7Sn1Y3,2.421733
Na2O13W4,2.518658
F13N1O2Xe2,4.121619
Ba4O1P2,1.658909
Cs1D3Mg1,3.719154
Cl2Fe5O18Te6,0.100473
Cr1Lu1O4,1.204805
Mn1O3Sc1,2.089707
Ca1Cl2,6.931097
D6Fe1Mg2,4.186952
Rb1S2Y1,3.314208
K4P2Pd1S8,2.882805
Bi2In4S9,2.3864780000000003
Rb2Se2,1.803637
Br2Co1,3.552701
Bi6O20Sr1V4,3.780552
Cs2Fe1O4,3.312205
As4Rb2Zn5,0.9411920000000004
Ba2In1S4,2.9434939999999994
N3Na1,5.044904
As5I1Te7,0.6294469999999999
Ba2Bi1In1S5,2.166471
Mn2Nb2O9Zn2,2.737963
K1N3O4,4.411336
Ba2Se5Sn1,2.064662
Mn1P2Rb2S6,3.336555
Al3I1Te3,2.693465
Ag1Na2Sb1,1.108
Mn2O8Te3,3.398127
Mg3Nb6O11,1.253918
I2La2O4Si1,4.601088
Bi1Na1O3,2.509147
I1Na1O6Pb2,4.191582
As4Ga2Sr3,1.268713
Br1Cu1H6N2,3.533932
Al2Mn1S4,3.148453
C1H3Se1,3.072728
Ca1O8Te3,2.975689
Ge5Ir4,0.411554
Ba3Ga2S6,3.664127
K1Mn1O4,3.06658
Cl2O1V1,1.467579
Cs3Na1Pb4,0.608666
C4Cr1H4N1O10,2.578865
K3P11,2.680529
Ge2Li4N6Sr3,3.198679
H2Mg1O8S2,5.28832
C1Cl1H9N6,6.535755
O3Pb1Zn1,0.82674
Ag1Bi1S2,1.090961
As3Ge1K1Na4,1.09234
Hg2Se4Sn1,0.947482
N4Na2O12Pd1,3.770695
C6Fe1Mn2N6,4.965846
Ge1Te1,0.592233
As1Se1Y1,0.134703
Ag3K1Se2,0.756635
Bi2O5Se1,3.890007
Br1Cr1S1,1.3748410000000002
Ba2F6Zn1,7.310396
K3Si1Te3,2.501997
Cl1Cs8Ga11,1.28218
B3N6Na1Sr4,3.06186
Ba1Cu1K2N6O12,2.539409
Fe1Li1O8W2,3.458067
Na2Se5Si2,3.415516
Cl8Hg2Pd1Tl2,3.038562
D5K3Mn1,3.782667
Mg1O3P1,6.756458
Ag1Cr3O8,1.94489
Cu1Nb1Rb2Se4,2.53394
Cl12Hf1Se2,3.977791
H1O6Ti2V1,2.529354
Br2Co1H8O4,4.660723
Cs2Mo1Se4,1.769983
Cd1Cr2S4,1.8237879999999995
Ag1Cr1O2,2.899923
C3O1S7,2.870799
Ga1N5Sr6,1.157553
K2O7Sr1Ta2,3.354712
C1N2S2,0.748249
Cl4K2Pd1,3.155924
Ba3Mn1Nb2O9,2.644057
Pt1Rb2Te2,1.563292
Ba2Cd2K1Sb3,0.71305
B4Cu1Lu2O10,3.680759
Cs2I6Sn1,0.936289
I4Se1Tl6,2.214078
B1Ca3N3,1.253422
Li8N2Te1,3.379276
Cu1O9Se3Sr2,3.370498
Ba1I4O12Pd1,3.584595
Ni1O6Sb2,2.856266
N4Sn3,1.45835
Cu1Li1O4V1,2.992615
H6In1N1O6P2,5.474158
Cd3P2,0.748484
S2V1,0.682094
Cs2Ga1Sb2,1.6059929999999998
Ge1Mn2Se4,1.404063
C3Fe1H3O6,3.297546
Ba1Cu2Ge3H2O10,3.607403
Br1N1Sr2,2.877611
Cu1Ga1Te2,0.9639
Co1Li1N2Sr2,1.552585
Cl2Pd1Se6,2.159122
Li2Na1Sb1,1.244633
D1Mg1N1,3.508497
Se4Ti1Zr1,0.189024
O6Pt3Zn1,1.194502
Cu6Hg3S12Sb4,1.0859340000000004
As1Br1Cd1Hg1,1.725218
Ag1In1Se2,0.7379900000000001
B4Cu1Li2O10Pb2,3.947817
C2Cs1K1,4.771103
Bi2Mn3O2Sr2,1.135146
La4O12Ti3,4.196705
Mn2O7V2,1.723188
Ag2Nb4O11,3.704959
Na2Nb4O11,3.914277
La1N1O4,2.155588
Pd1Se2,0.42214
C1Ca4N4,2.734333
Cu1I1Se3,2.053343
Cr7O24P6,1.472538
Fe1K1Mo2O8,3.621278
H6O9Rb1S1V1,4.19264
P4S3,3.631367
Ag1C5Cs2N5S5Zn1,4.333575
Au1Na1O14S4,3.4575569999999995
O5Ti3,0.712562
Au1O1Rb3,0.980242
Cl3Tc1,0.800007
Hg1Rb6Se4,2.08884
Br1H1,2.279417
As1Ga1O4,4.840491
C6Co1H12N8O8,3.563458
S4Sn1Sr2,3.501886
Na1P15,2.142175
H2Mn2O5S1,2.936696
Cs1Cu1F4,3.837287
Bi1Mn1O3,1.268357
Na1Se2Y1,2.733442
F3Ga1,6.967622
As2H1Li1Sr3,2.172485
C1N2Sr1,4.383291
Al1P1S4,4.024227
As1Cs1Se2,2.037158
F2O1Pb2,3.803183
As2Cl13Sb1,2.3154630000000003
Ba1Fe4O7,3.239828
Al2Mn1Te4,1.632262
Ir1P1Se1,2.286363
Te3Y2,1.199813
O12Rb2Sr1V4,3.934042
As1Ca3N1,1.4867909999999998
Ag2I6O18Ti1,3.640956
C2Cd1H6I2N2O2,3.963086
O20P4Sn10,3.646314
Bi2C1O5,2.547029
Ge1Mn2O4,2.679043
C4K3N4O2Re1,3.749801
B1Se3Tl1,1.6856120000000003
I1Na1,4.628271
